Shot,Coordinate,Layer 1,Layer 2,Layer 3,Layer 4,Layer 5,Layer 6,Layer 7,Layer 8,Layer 9,Layer 10,Layer 11,Layer 12,Layer 13,Layer 14,Layer 15,Layer 16,Layer 17,Layer 18,Layer 19,Layer 20
1,X1,109,105,160,154,116,100,154,161,75,118,163,126,79,92,143,113,104,,,
1,Y1,181,165,136,139,139,92,72,47,86,22,30,17,82,106,118,75,133,,,
1,X2,656,642,708,694,665,686,740,745,664,706,751,712,666,678,725,697,689,,,
1,Y2,154,152,111,109,111,80,56,41,63,15,20,11,73,95,98,77,117,,,
1,XH,385,384,413,401,377,367,452,430,367,414,433,376,368,355,435,342,373,,,
1,YH,461,455,419,422,418,380,357,341,368,312,318,309,371,394,402,367,419,,,
2,X1,127,149,133,200,134,124,177,205,123,118,157,223,104,121,165,256,104,,,
2,Y1,150,119,158,163,107,96,112,151,97,98,115,142,106,84,121,148,88,,,
2,X2,693,701,720,786,723,714,767,793,715,708,747,810,687,705,746,841,689,,,
2,Y2,151,128,155,162,115,106,117,143,123,106,125,140,96,100,124,142,89,,,
2,XH,405,405,429,488,395,409,474,479,384,428,442,512,359,402,455,558,386,,,
2,YH,429,417,449,456,406,396,409,441,403,396,416,435,393,383,413,435,380,,,
3,X1,127,141,179,158,160,93,177,102,101,76,147,121,107,75,150,127,115,,,
3,Y1,150,94,99,84,109,151,161,175,124,113,64,90,85,117,106,62,78,,,
3,X2,693,682,726,683,704,681,761,688,691,663,735,708,692,653,735,704,696,,,
3,Y2,151,80,97,87,114,161,159,169,113,110,57,91,78,107,109,77,70,,,
3,XH,405,394,494,422,390,369,462,364,387,357,439,396,375,357,454,353,371,,,
3,YH,429,379,392,379,404,450,454,466,412,405,354,386,369,399,397,354,364,,,
4,X1,,,,,,,,,,,,,,,,,,,,
4,Y1,,,,,,,,,,,,,,,,,,,,
4,X2,,,,,,,,,,,,,,,,,,,,
4,Y2,,,,,,,,,,,,,,,,,,,,
4,XH,,,,,,,,,,,,,,,,,,,,
4,YH,,,,,,,,,,,,,,,,,,,,
5,X1,95,113,108,117,64,109,43,102,47,89,76,68,56,80,54,28,47,,,
5,Y1,77,65,78,123,119,94,90,131,141,182,113,177,94,99,94,114,108,,,
5,X2,666,692,695,700,655,698,633,687,635,672,663,651,640,661,641,615,625,,,
5,Y2,62,87,94,124,101,96,90,144,136,164,110,155,101,92,91,124,102,,,
5,XH,375,387,385,401,324,395,325,370,304,365,357,336,288,351,332,266,313,,,
5,YH,360,367,381,418,406,385,383,430,432,468,405,462,389,388,382,409,394,,,
6,X1,122,122,108,92,116,124,148,94,108,159,181,113,77,128,185,112,65,,,
6,Y1,132,129,133,145,112,103,99,118,117,102,109,111,177,190,209,213,127,,,
6,X2,710,706,694,675,702,711,731,677,693,743,766,696,656,712,769,698,649,,,
6,Y2,125,133,141,151,99,115,100,119,106,69,102,112,170,185,202,204,139,,,
6,XH,406,408,392,369,412,408,426,377,398,481,478,386,366,428,483,399,321,,,
6,YH,423,426,427,438,398,400,391,411,404,380,400,405,462,480,495,498,422,,,
7,X1,99,122,138,160,110,124,149,173,76,111,159,183,80,120,129,195,69,,,
7,Y1,138,133,146,111,117,196,176,193,196,197,203,224,84,113,115,111,181,,,
7,X2,674,686,700,720,668,705,734,755,664,695,740,765,666,702,710,777,645,,,
7,Y2,132,129,127,93,117,184,156,192,197,207,209,208,93,111,127,120,198,,,
7,XH,355,395,425,428,390,433,455,449,368,389,443,474,370,419,408,484,334,,,
7,YH,426,425,431,395,409,488,451,482,487,494,497,511,379,402,408,403,477,,,
8,X1,57,121,99,163,57,161,100,150,67,162,116,150,102,156,120,144,77,,,
8,Y1,190,171,153,141,195,185,180,157,155,135,139,141,153,126,134,131,195,,,
8,X2,615,678,648,708,643,746,684,732,656,749,699,734,683,737,704,728,659,,,
8,Y2,164,155,138,142,184,179,164,148,141,145,125,135,166,127,134,148,174,,,
8,XH,366,416,387,413,347,457,392,440,356,439,406,439,379,444,424,420,386,,,
8,YH,468,456,435,431,485,474,466,442,440,435,426,430,447,419,425,432,474,,,
9,X1,104,137,158,140,74,111,91,145,88,51,111,111,70,104,133,96,56,,,
9,Y1,128,118,127,156,138,148,195,174,127,133,148,116,68,87,119,168,109,,,
9,X2,652,697,695,687,642,695,676,722,670,634,694,691,652,686,715,674,637,,,
9,Y2,122,127,129,130,136,142,178,170,165,137,147,119,76,97,142,186,106,,,
9,XH,380,414,433,440,363,414,393,436,353,326,391,401,367,395,420,372,335,,,
9,YH,418,413,421,436,430,435,477,460,436,428,436,406,361,382,423,469,397,,,
10,X1,89,125,156,140,50,129,173,154,72,113,175,131,56,118,182,160,41,,,
10,Y1,172,175,150,142,195,178,171,214,132,102,108,118,146,119,106,100,104,,,
10,X2,671,703,734,720,631,708,753,733,654,695,758,714,616,681,744,720,607,,,
10,Y2,161,174,134,139,177,166,170,204,99,83,102,110,165,104,109,94,127,,,
10,XH,382,404,456,424,350,423,461,438,375,414,475,422,304,414,457,430,290,,,
10,YH,458,465,437,437,477,461,464,505,408,385,402,406,442,401,396,389,404,,,
11,X1,89,125,156,140,50,129,173,154,72,113,175,131,56,118,182,160,41,,,
11,Y1,172,175,150,142,195,178,171,214,132,102,108,118,146,119,106,100,104,,,
11,X2,671,703,734,720,631,708,753,733,654,695,758,714,616,681,744,720,607,,,
11,Y2,161,174,134,139,177,166,170,204,99,83,102,110,165,104,109,94,127,,,
11,XH,382,404,456,424,350,423,461,438,375,414,475,422,304,414,457,430,290,,,
11,YH,458,465,437,437,477,461,464,505,408,385,402,406,442,401,396,389,404,,,
12,X1,89,125,156,140,50,129,173,154,72,113,175,131,56,118,182,160,41,,,
12,Y1,172,175,150,142,195,178,171,214,132,102,108,118,146,119,106,100,104,,,
12,X2,671,703,734,720,631,708,753,733,654,695,758,714,616,681,744,720,607,,,
12,Y2,161,174,134,139,177,166,170,204,99,83,102,110,165,104,109,94,127,,,
12,XH,382,404,456,424,350,423,461,438,375,414,475,422,304,414,457,430,290,,,
12,YH,458,465,437,437,477,461,464,505,408,385,402,406,442,401,396,389,404,,,
13,X1,121,152,188,99,99,160,181,133,67,145,178,120,76,153,154,127,55,,,
13,Y1,144,141,126,151,162,143,150,118,145,108,126,91,180,151,197,150,125,,,
13,X2,709,737,769,683,683,745,764,714,653,727,762,708,653,732,736,714,637,,,
13,Y2,151,153,126,137,155,145,137,108,127,116,132,102,189,184,220,169,136,,,
13,XH,395,457,484,383,399,445,476,424,355,416,449,389,344,402,426,366,320,,,
13,YH,437,444,416,437,449,434,437,405,428,400,421,389,473,459,498,452,420,,,
14,X1,81,114,133,163,71,108,114,145,52,78,73,160,50,28,94,126,30,,,
14,Y1,142,119,133,154,197,187,194,200,132,135,208,207,122,161,163,206,86,,,
14,X2,667,698,717,743,658,695,698,729,638,662,656,745,629,614,675,708,603,,,
14,Y2,142,121,145,165,207,202,204,185,110,157,207,226,126,171,191,234,93,,,
14,XH,350,383,399,436,339,370,384,435,317,331,358,437,318,283,358,386,315,,,
14,YH,433,412,431,450,497,489,492,487,410,438,500,509,413,457,471,509,377,,,
15,X1,116,143,114,138,108,117,113,148,95,62,140,130,108,117,170,185,106,,,
15,Y1,309,276,234,220,133,106,86,88,124,108,121,133,113,107,137,144,168,,,
15,X2,683,695,668,703,681,704,699,726,681,650,724,718,684,699,749,761,687,,,
15,Y2,292,269,212,196,108,106,79,77,123,109,131,131,116,104,135,135,166,,,
15,XH,389,410,387,425,396,395,393,438,368,338,419,434,398,387,458,473,396,,,
15,YH,593,565,517,501,415,402,375,374,415,400,418,426,407,396,426,422,452,,,
16,X1,67,138,140,84,28,106,92,135,17,91,76,78,4,42,57,140,23,,,
16,Y1,148,142,173,198,126,155,158,186,89,91,142,164,134,114,133,150,178,,,
16,X2,656,725,727,670,617,691,676,720,607,675,661,664,583,622,636,722,600,,,
16,Y2,159,163,197,201,127,161,172,185,97,108,139,138,130,115,138,145,170,,,
16,XH,327,412,408,375,307,375,352,434,306,348,363,378,276,310,333,414,308,,,
16,YH,448,446,483,497,422,454,460,478,388,392,433,441,425,411,425,432,466,,,
17,X1,70,96,172,156,70,116,145,159,50,103,159,168,44,96,140,168,58,,,
17,Y1,246,229,209,212,132,77,86,110,111,103,117,98,182,178,166,159,111,,,
17,X2,657,681,759,738,663,702,733,744,641,689,747,751,629,678,723,751,636,,,
17,Y2,233,197,211,198,119,69,103,106,99,112,126,97,183,157,162,154,147,,,
17,XH,353,427,493,445,365,391,417,438,329,366,438,438,327,385,437,457,309,,,
17,YH,534,506,504,498,419,369,390,399,401,400,414,391,476,457,454,439,419,,,
18,X1,50,66,177,104,70,120,96,97,66,104,112,89,40,100,96,94,64,,,
18,Y1,178,151,104,51,163,135,141,136,205,163,152,183,156,161,155,163,131,,,
18,X2,639,654,761,691,657,705,683,682,654,694,700,678,621,678,673,674,647,,,
18,Y2,162,125,71,30,158,133,137,109,190,162,171,186,152,160,148,161,109,,,
18,XH,362,390,486,411,338,401,382,402,379,395,404,397,304,380,372,380,377,,,
18,YH,466,432,381,334,457,428,431,416,491,457,460,478,445,451,438,449,408,,,
19,X1,82,109,138,134,61,106,109,144,41,95,55,99,50,87,39,62,92,,,
19,Y1,105,120,117,85,170,145,145,145,175,158,164,176,162,158,167,197,126,,,
19,X2,671,692,721,720,644,691,694,724,629,680,640,686,632,662,614,649,664,,,
19,Y2,108,137,98,66,146,116,140,148,167,145,178,179,149,147,176,194,115,,,
19,XH,360,383,432,434,374,384,383,434,344,371,324,413,339,383,304,329,374,,,
19,YH,398,423,399,370,450,424,433,440,462,449,462,471,443,442,459,480,405,,,
20,X1,81,50,131,149,68,145,151,122,83,141,115,117,70,113,110,120,62,,,
20,Y1,107,138,102,109,148,140,176,157,156,127,136,169,181,175,181,180,124,,,
20,X2,667,635,714,729,658,729,738,708,666,727,700,698,648,691,693,704,643,,,
20,Y2,109,140,111,112,136,139,180,156,142,139,134,161,180,168,182,185,143,,,
20,XH,357,326,395,410,355,357,429,419,390,421,413,417,362,406,404,400,324,,,
20,YH,400,433,399,404,437,435,476,452,443,427,430,460,472,464,475,472,423,,,
21,X1,101,87,204,129,40,79,157,114,61,125,142,134,64,135,123,108,57,,,
21,Y1,136,140,57,42,240,234,238,222,152,120,134,137,105,89,98,105,151,,,
21,X2,684,665,788,711,628,662,739,696,647,712,728,713,644,715,707,692,639,,,
21,Y2,119,113,54,39,230,219,227,210,143,117,126,123,91,105,92,90,150,,,
21,XH,391,385,495,425,332,370,454,410,349,409,438,405,343,452,415,403,333,,,
21,YH,418,423,347,338,529,519,519,509,442,417,423,421,389,388,389,387,436,,,
22,X1,35,66,129,111,44,62,137,117,81,101,91,129,70,101,71,156,56,,,
22,Y1,223,151,134,93,203,139,150,139,160,150,134,128,145,146,131,121,121,,,
22,X2,623,647,708,699,637,645,720,697,667,683,676,711,645,670,655,734,636,,,
22,Y2,180,117,113,77,161,119,140,113,146,132,110,129,133,120,104,99,102,,,
22,XH,337,349,404,385,356,361,449,426,350,396,391,427,356,395,358,443,333,,,
22,YH,496,427,413,381,476,420,441,415,448,436,417,425,429,422,405,395,404,,,
23,X1,41,38,57,138,74,87,111,151,96,101,108,142,95,130,80,156,88,,,
23,Y1,216,211,163,111,180,132,111,114,206,174,149,143,114,102,113,116,188,,,
23,X2,629,624,639,724,662,673,695,738,684,687,692,726,679,712,665,740,670,,,
23,Y2,197,176,118,81,153,121,76,92,199,158,150,139,98,116,109,119,189,,,
23,XH,327,330,358,405,324,361,419,447,385,378,393,424,400,395,374,428,371,,,
23,YH,496,484,434,391,461,422,390,398,496,463,441,433,400,399,401,406,482,,,
24,X1,112,73,152,137,112,108,121,159,89,81,111,178,78,102,87,158,61,,,
24,Y1,174,117,126,135,193,172,184,166,139,121,116,117,221,200,184,199,183,,,
24,X2,700,659,737,719,703,691,708,737,675,667,693,762,666,685,667,741,641,,,
24,Y2,146,92,113,126,165,164,186,167,116,96,99,100,213,181,194,214,172,,,
24,XH,420,376,432,435,415,404,362,438,370,381,426,481,356,400,366,435,353,,,
24,YH,457,397,414,424,472,460,479,455,424,405,402,404,509,480,482,499,468,,,
25,X1,73,99,136,144,100,120,86,132,91,86,116,116,83,166,104,110,67,,,
25,Y1,197,189,155,123,137,115,112,112,185,199,215,195,133,121,141,152,194,,,
25,X2,662,687,720,729,685,706,674,719,679,674,701,698,661,750,685,694,647,,,
25,Y2,189,170,126,98,140,111,108,111,177,194,195,177,110,116,136,151,197,,,
25,XH,335,397,418,444,389,382,381,431,378,358,425,419,386,454,392,410,373,,,
25,YH,483,474,437,400,433,406,405,404,473,488,500,481,414,411,430,444,486,,,
26,X1,36,111,133,137,60,60,120,141,55,97,81,138,86,84,95,141,54,,,
26,Y1,146,119,91,102,136,141,128,158,183,194,194,185,197,168,197,190,177,,,
26,X2,624,696,714,721,646,646,706,727,641,685,667,719,667,662,675,723,635,,,
26,Y2,129,124,90,101,138,127,132,155,177,185,180,189,180,154,187,194,158,,,
26,XH,321,378,407,422,333,357,394,441,335,366,368,406,378,387,395,419,351,,,
26,YH,436,413,381,392,431,428,426,451,472,483,481,480,475,453,484,487,460,,,
27,X1,100,95,109,117,89,120,104,129,74,84,79,152,61,70,50,88,54,,,
27,Y1,185,192,174,99,135,117,87,118,185,193,213,188,139,131,154,178,212,,,
27,X2,687,684,697,701,676,708,689,716,665,671,663,732,652,654,636,676,646,,,
27,Y2,178,180,154,89,104,100,83,111,183,193,204,197,125,141,165,202,198,,,
27,XH,391,391,390,407,398,427,368,430,364,383,362,431,356,353,303,360,353,,,
27,YH,474,478,461,389,412,402,380,409,480,487,503,490,424,429,453,483,496,,,
28,X1,66,112,78,144,69,116,103,159,74,72,120,140,55,66,113,110,60,,,
28,Y1,133,118,116,100,123,105,113,157,107,99,115,155,153,167,172,190,177,,,
28,X2,652,700,666,730,658,702,691,746,663,658,710,724,642,650,700,694,641,,,
28,Y2,135,103,103,99,129,106,124,175,103,106,124,166,162,165,176,199,180,,,
28,XH,324,246,370,426,362,395,364,436,308,399,388,443,324,353,369,392,331,,,
28,YH,428,410,400,393,421,400,410,461,399,396,413,456,459,459,465,485,469,,,
29,X1,95,115,168,155,102,129,135,152,70,122,112,140,59,108,130,145,68,,,
29,Y1,170,154,109,104,119,108,87,110,113,100,122,147,163,145,166,171,175,,,
29,X2,680,704,756,745,693,716,721,736,665,712,700,722,649,691,720,728,654,,,
29,Y2,154,145,113,95,113,110,102,115,101,111,125,151,146,146,172,177,169,,,
29,XH,371,402,479,441,376,416,383,437,374,382,398,426,362,366,390,414,370,,,
29,YH,458,443,405,392,412,404,390,404,400,399,420,444,449,442,463,464,465,,,
30,X1,46,77,88,128,76,80,111,143,59,101,131,138,68,70,118,108,72,,,
30,Y1,219,207,166,176,131,122,130,126,151,164,166,184,149,132,138,150,156,,,
30,X2,635,663,671,713,663,667,697,727,648,689,714,718,653,655,700,697,657,,,
30,Y2,207,201,162,176,123,116,111,114,132,168,170,165,143,136,144,153,156,,,
30,XH,355,377,352,432,352,352,394,450,365,371,426,439,340,326,392,367,377,,,
30,YH,506,498,459,471,420,411,417,413,436,460,459,462,438,423,429,442,447,,,
31,X1,53,82,128,100,47,70,107,119,73,60,100,122,41,65,81,120,43,,,
31,Y1,160,130,119,130,111,96,125,130,111,90,74,77,214,202,177,209,179,,,
31,X2,638,663,714,686,632,661,691,696,664,643,685,712,629,646,666,704,624,,,
31,Y2,134,106,115,122,104,100,120,120,100,83,78,83,202,192,185,225,181,,,
31,XH,347,377,413,355,327,345,392,390,349,304,373,413,339,352,345,390,314,,,
31,YH,438,413,408,422,399,393,419,412,401,380,371,370,509,485,477,508,473,,,
32,X1,52,103,83,74,45,84,67,67,65,85,57,72,41,69,46,73,37,,,
32,Y1,154,151,124,146,182,145,162,161,161,156,145,152,202,172,185,195,165,,,
32,X2,640,688,670,660,636,671,657,652,653,671,641,654,627,652,629,658,624,,,
32,Y2,139,132,128,147,170,144,143,158,154,152,143,163,191,171,175,195,155,,,
32,XH,329,398,354,321,335,355,354,341,355,365,348,381,314,345,345,368,343,,,
32,YH,439,434,417,441,468,439,445,446,452,449,438,452,488,468,464,485,452,,,
33,X1,40,64,125,145,61,91,135,152,79,108,120,144,84,104,95,121,64,,,
33,Y1,200,151,145,137,156,124,119,96,139,111,106,114,199,196,205,172,161,,,
33,X2,626,649,713,730,650,676,726,740,666,697,707,728,669,689,680,705,658,,,
33,Y2,152,112,128,137,115,110,100,91,118,110,107,74,198,200,201,175,153,,,
33,XH,341,356,412,434,362,387,433,434,372,377,407,467,367,390,373,392,337,,,
33,YH,471,429,432,420,430,412,403,389,424,404,397,384,487,489,494,468,438,,,
34,X1,38,65,127,146,62,91,136,150,79,109,119,141,82,106,93,121,70,,,
34,Y1,196,152,146,138,156,124,115,92,137,109,106,109,194,199,204,172,163,,,
34,X2,626,654,718,732,649,678,723,740,666,700,707,732,667,689,682,705,657,,,
34,Y2,160,113,126,141,115,110,99,91,118,109,105,76,200,200,198,179,152,,,
34,XH,346,393,441,439,379,379,424,451,397,382,412,447,370,379,370,370,341,,,
34,YH,475,424,432,421,425,409,404,387,423,401,400,384,486,491,490,467,440,,,
35,X1,,,,,,,,,,,,,,,,,,,,
35,Y1,,,,,,,,,,,,,,,,,,,,
35,X2,,,,,,,,,,,,,,,,,,,,
35,Y2,,,,,,,,,,,,,,,,,,,,
35,XH,,,,,,,,,,,,,,,,,,,,
35,YH,,,,,,,,,,,,,,,,,,,,
36,X1,,,,,,,,,,,,,,,,,,,,
36,Y1,,,,,,,,,,,,,,,,,,,,
36,X2,,,,,,,,,,,,,,,,,,,,
36,Y2,,,,,,,,,,,,,,,,,,,,
36,XH,,,,,,,,,,,,,,,,,,,,
36,YH,,,,,,,,,,,,,,,,,,,,
37,X1,,,,,,,,,,,,,,,,,,,,
37,Y1,,,,,,,,,,,,,,,,,,,,
37,X2,,,,,,,,,,,,,,,,,,,,
37,Y2,,,,,,,,,,,,,,,,,,,,
37,XH,,,,,,,,,,,,,,,,,,,,
37,YH,,,,,,,,,,,,,,,,,,,,
38,X1,,,,,,,,,,,,,,,,,,,,
38,Y1,,,,,,,,,,,,,,,,,,,,
38,X2,,,,,,,,,,,,,,,,,,,,
38,Y2,,,,,,,,,,,,,,,,,,,,
38,XH,,,,,,,,,,,,,,,,,,,,
38,YH,,,,,,,,,,,,,,,,,,,,
39,X1,63,39,96,148,79,46,102,146,53,67,91,141,59,85,61,100,52,,,
39,Y1,184,156,146,117,138,127,128,111,152,160,160,169,200,192,182,200,161,,,
39,X2,653,624,679,728,663,631,692,732,639,647,673,726,647,666,644,678,637,,,
39,Y2,165,143,134,104,132,129,115,110,152,158,173,181,201,201,194,206,142,,,
39,XH,333,325,354,437,364,311,401,438,321,343,361,414,329,368,338,350,335,,,
39,YH,467,446,434,405,425,422,414,401,444,451,459,469,487,491,485,497,438,,,
40,X1,77,69,137,145,71,76,90,122,29,71,79,121,74,97,74,110,37,,,
40,Y1,168,159,101,103,117,119,96,119,105,120,113,134,112,137,176,181,128,,,
40,X2,665,658,724,729,659,664,672,710,619,654,664,702,661,683,654,690,625,,,
40,Y2,148,141,109,102,113,120,104,124,101,111,117,143,108,138,179,173,128,,,
40,XH,366,354,450,432,358,374,358,411,291,344,345,406,342,385,344,402,324,,,
40,YH,447,443,400,394,408,414,396,414,396,407,413,432,404,437,473,465,412,,,
41,X1,53,115,100,90,65,88,126,87,48,139,102,87,46,133,99,104,59,,,
41,Y1,132,116,133,118,131,111,69,88,114,87,76,70,173,139,131,180,199,,,
41,X2,639,697,688,675,653,673,709,669,635,720,690,667,629,715,679,673,648,,,
41,Y2,104,119,140,122,110,102,70,89,98,82,72,75,160,134,143,166,197,,,
41,XH,339,387,384,369,361,363,370,338,306,414,398,347,328,433,366,377,311,,,
41,YH,411,408,428,409,415,402,365,381,399,377,366,367,457,425,428,457,497,,,
42,X1,97,195,163,117,95,208,161,132,86,189,143,137,74,180,125,96,80,,,
42,Y1,314,269,243,234,127,123,133,118,165,142,124,133,193,157,169,178,140,,,
42,X2,685,780,749,702,682,794,740,715,672,773,725,717,662,761,706,674,672,,,
42,Y2,294,250,238,227,123,115,140,117,148,137,130,129,174,161,173,190,140,,,
42,XH,392,486,440,365,389,525,446,418,366,485,426,409,363,454,397,366,378,,,
42,YH,598,556,532,525,419,410,430,410,448,432,420,416,480,452,468,480,430,,,
43,X1,126,116,97,132,112,132,99,106,118,127,81,79,99,84,61,62,79,,,
43,Y1,214,184,159,140,239,196,162,158,118,101,112,105,163,182,188,219,115,,,
43,X2,716,704,683,717,702,717,686,692,708,708,664,657,680,672,645,644,666,,,
43,Y2,197,160,138,112,206,185,153,142,98,100,93,75,165,175,197,203,109,,,
43,XH,431,412,389,446,412,420,369,411,399,395,357,375,374,358,336,371,358,,,
43,YH,501,465,440,414,520,484,449,446,401,394,397,386,453,474,482,503,407,,,
44,X1,36,50,83,110,33,81,94,115,49,63,94,112,62,60,79,91,42,,,
44,Y1,198,148,160,162,166,121,109,126,126,123,96,109,156,162,163,178,172,,,
44,X2,622,637,667,694,620,664,675,696,638,651,675,694,646,643,658,673,629,,,
44,Y2,155,126,159,151,152,109,100,112,109,109,103,103,158,166,174,179,167,,,
44,XH,339,363,389,392,343,374,389,439,342,372,357,388,365,336,350,367,347,,,
44,YH,464,425,451,447,452,409,401,408,413,408,394,399,450,455,461,466,453,,,
45,X1,93,107,145,149,116,137,150,147,121,120,138,141,116,112,121,158,113,,,
45,Y1,191,161,172,160,192,191,161,156,117,103,89,121,137,134,134,147,168,,,
45,X2,680,690,727,737,706,722,737,731,708,708,722,723,706,696,704,737,701,,,
45,Y2,167,150,163,159,170,172,154,141,100,105,94,113,123,132,133,151,153,,,
45,XH,389,402,470,448,420,452,442,447,420,387,404,404,408,357,400,423,383,,,
45,YH,474,446,463,451,477,474,452,444,403,398,388,413,428,424,428,438,442,,,
46,X1,79,114,119,111,83,120,92,112,50,107,69,83,78,94,18,61,57,,,
46,Y1,123,101,101,92,117,97,98,134,107,109,103,131,164,180,182,168,132,,,
46,X2,668,700,702,695,669,708,675,692,637,693,653,663,666,677,604,638,645,,,
46,Y2,113,86,89,89,99,107,107,124,100,106,113,138,159,173,181,185,144,,,
46,XH,359,406,399,403,368,379,357,385,347,384,365,347,341,365,294,326,341,,,
46,YH,416,390,388,383,400,395,393,423,396,392,402,426,446,468,471,462,436,,,
47,X1,84,100,92,144,94,120,115,153,85,118,104,157,62,151,134,149,83,,,
47,Y1,152,126,100,89,138,159,141,158,205,184,186,190,131,127,171,164,138,,,
47,X2,669,685,674,725,680,706,698,737,670,703,691,739,648,733,716,733,666,,,
47,Y2,125,106,88,64,130,145,140,151,190,180,177,180,129,135,167,161,130,,,
47,XH,401,387,376,448,355,408,402,435,379,405,372,439,334,421,426,412,357,,,
47,YH,430,409,389,368,430,443,438,451,491,475,476,476,429,421,460,458,422,,,
48,X1,63,93,83,85,54,81,70,83,81,86,63,96,91,116,58,79,103,,,
48,Y1,136,99,80,70,124,104,81,61,102,78,86,97,147,147,167,179,182,,,
48,X2,646,677,664,669,645,666,653,661,667,670,650,677,675,695,640,649,687,,,
48,Y2,101,83,73,67,97,91,67,54,101,75,87,99,143,148,164,163,182,,,
48,XH,363,378,358,339,350,352,362,380,380,365,334,380,365,390,341,367,371,,,
48,YH,407,387,372,361,406,388,366,352,396,370,378,395,438,440,455,463,469,,,
49,X1,,,,,,,,,,,,,,,,,,,,
49,Y1,,,,,,,,,,,,,,,,,,,,
49,X2,,,,,,,,,,,,,,,,,,,,
49,Y2,,,,,,,,,,,,,,,,,,,,
49,XH,,,,,,,,,,,,,,,,,,,,
49,YH,,,,,,,,,,,,,,,,,,,,
50,X1,,,,,,,,,,,,,,,,,,,,
50,Y1,,,,,,,,,,,,,,,,,,,,
50,X2,,,,,,,,,,,,,,,,,,,,
50,Y2,,,,,,,,,,,,,,,,,,,,
50,XH,,,,,,,,,,,,,,,,,,,,
50,YH,,,,,,,,,,,,,,,,,,,,
51,X1,,,,,,,,,,,,,,,,,,,,
51,Y1,,,,,,,,,,,,,,,,,,,,
51,X2,,,,,,,,,,,,,,,,,,,,
51,Y2,,,,,,,,,,,,,,,,,,,,
51,XH,,,,,,,,,,,,,,,,,,,,
51,YH,,,,,,,,,,,,,,,,,,,,
52,X1,49,54,99,71,51,57,113,58,33,30,65,79,16,23,109,112,39,,,
52,Y1,169,145,140,136,100,98,101,107,91,104,96,84,146,141,146,137,191,,,
52,X2,633,643,682,657,638,641,695,642,617,619,650,659,604,608,696,694,627,,,
52,Y2,159,149,142,135,92,109,105,102,82,96,95,75,146,142,158,130,182,,,
52,XH,328,308,386,357,337,354,390,345,305,312,365,370,297,307,374,404,294,,,
52,YH,458,441,435,426,390,401,397,401,383,396,386,375,441,436,447,428,477,,,
53,X1,41,54,70,82,66,119,103,110,43,79,56,133,66,114,48,140,61,,,
53,Y1,235,176,155,123,151,124,77,52,142,125,77,71,107,92,99,86,158,,,
53,X2,627,640,655,664,652,702,687,685,629,663,644,713,652,674,628,718,644,,,
53,Y2,207,152,128,120,123,96,63,45,125,115,71,64,95,90,104,96,162,,,
53,XH,342,342,368,342,391,417,400,416,351,378,327,420,408,395,308,405,329,,,
53,YH,513,458,436,412,429,403,364,337,421,412,369,360,392,378,393,389,453,,,
54,X1,55,103,77,82,37,108,84,113,48,104,95,106,43,98,104,105,89,,,
54,Y1,170,181,165,170,96,131,139,137,90,100,113,119,155,129,136,173,189,,,
54,X2,641,685,658,661,625,696,668,694,632,686,677,683,628,683,684,681,677,,,
54,Y2,172,171,161,143,114,126,130,132,90,106,114,135,149,122,144,177,197,,,
54,XH,346,384,375,357,302,387,359,369,330,369,373,409,353,384,368,346,371,,,
54,YH,459,469,457,449,401,421,428,426,381,394,403,416,438,405,427,460,489,,,
55,X1,97,100,116,100,110,120,118,93,83,128,113,114,78,116,113,106,61,,,
55,Y1,188,140,121,91,166,143,119,107,114,99,121,107,167,146,171,187,178,,,
55,X2,677,688,701,679,691,703,704,677,670,708,696,696,659,693,695,688,649,,,
55,Y2,159,118,97,79,146,115,113,114,101,108,113,122,166,148,172,188,182,,,
55,XH,400,391,429,406,418,396,376,382,358,400,387,376,358,383,399,387,339,,,
55,YH,465,422,400,377,448,420,408,403,400,392,408,409,460,439,465,478,471,,,
56,X1,,,,,,,,,,,,,,,,,,,,
56,Y1,,,,,,,,,,,,,,,,,,,,
56,X2,,,,,,,,,,,,,,,,,,,,
56,Y2,,,,,,,,,,,,,,,,,,,,
56,XH,,,,,,,,,,,,,,,,,,,,
56,YH,,,,,,,,,,,,,,,,,,,,
57,X1,,,,,,,,,,,,,,,,,,,,
57,Y1,,,,,,,,,,,,,,,,,,,,
57,X2,,,,,,,,,,,,,,,,,,,,
57,Y2,,,,,,,,,,,,,,,,,,,,
57,XH,,,,,,,,,,,,,,,,,,,,
57,YH,,,,,,,,,,,,,,,,,,,,
58,X1,34,83,77,110,43,114,103,132,16,112,85,135,38,104,109,130,24,,,
58,Y1,260,219,167,129,170,119,94,84,191,162,108,68,126,86,69,61,145,,,
58,X2,626,669,662,690,634,697,684,712,603,695,669,714,620,689,692,710,620,,,
58,Y2,231,195,143,124,146,80,84,64,182,141,91,55,113,78,51,36,140,,,
58,XH,321,408,381,358,365,417,394,435,289,402,373,417,348,419,394,421,297,,,
58,YH,539,498,446,425,452,394,382,370,481,423,394,357,407,381,354,346,429,,,
59,X1,83,124,152,176,96,123,152,155,107,125,112,130,76,120,127,147,103,,,
59,Y1,155,158,106,78,107,101,119,132,89,87,109,104,150,146,135,148,173,,,
59,X2,667,711,732,752,680,706,735,735,696,712,698,712,664,701,709,719,689,,,
59,Y2,159,152,92,67,91,92,133,135,92,85,124,103,150,134,134,136,182,,,
59,XH,371,441,439,441,405,426,450,444,404,397,384,418,368,404,420,444,385,,,
59,YH,443,444,393,366,392,387,418,420,383,378,407,396,441,423,430,436,473,,,
60,X1,76,108,128,120,79,116,120,132,73,105,102,131,65,123,105,145,67,,,
60,Y1,138,125,134,121,138,95,94,103,126,96,105,97,173,164,161,160,153,,,
60,X2,664,690,712,708,661,704,701,721,656,691,688,714,651,703,685,723,658,,,
60,Y2,121,126,139,120,123,91,91,104,111,98,101,93,158,165,161,153,143,,,
60,XH,391,383,426,407,374,408,399,429,353,373,352,446,349,403,386,427,337,,,
60,YH,421,416,429,409,422,385,385,393,409,388,400,393,457,450,462,447,431,,,
